{
    "loss": 32.11298751831055,
    "accuracy": 0.35164836049079895
}