{
    "loss": 31.66288185119629,
    "accuracy": 0.4890109896659851
}